{"_timestamp":1.7624617964430208e+09,"_step":20,"epoch":20,"train_loss":0.010572714706588732,"eval_loss":0.009749412787361788,"test_loss":0.011435996526135849,"_wandb":{"runtime":7},"_runtime":7}