{"epoch":20,"train_loss":0.015598770639483343,"eval_loss":0.014933322198115863,"_timestamp":1.7624621042003958e+09,"test_loss":0.016013352773510493,"_wandb":{"runtime":7},"_runtime":7,"_step":20}