iteration,activation,optimizer,lr,weight_decay,batch_size,train_RMSE,test_RMSE,new_best
1,ReLU,Adam,0.0001,0.0,64,53373.20379021535,56821.44494280091,True
2,ReLU,Adam,0.0003,0.0,64,51067.63609730112,55688.88319943218,True
3,ReLU,Adam,0.001,0.0,64,48283.27105517615,55236.72751541537,True
9,ReLU,Adam,0.001,0.0,128,49679.07902185967,54923.47246123464,True
27,LeakyReLU(0.1),Adam,0.001,0.0,64,47995.37422843407,53968.44942545371,True
