{"train_loss":0.011205835480308323,"eval_loss":0.010040456250023384,"_timestamp":1.7624611634618998e+09,"_step":9,"epoch":10,"_wandb":{"runtime":7},"_runtime":7}