{"_wandb":{"runtime":4},"_runtime":4,"_step":10,"epoch":10,"train_loss":0.012087213414672174,"eval_loss":0.01102376263588667,"_timestamp":1.7624612417911558e+09,"test_loss":0.012605569468667874}